Milk_and_Milk_Products.Milks_and_milk_drinks.Milk_fluid.Milk_NFS
Milk_and_Milk_Products.Milks_and_milk_drinks.Milk_fluid.Milk_fluid_cow_goat_buttermilk.Milk_cows_fluid_whole
Milk_and_Milk_Products.Milks_and_milk_drinks.Milk_fluid.Milk_fluid_cow_goat_buttermilk.Milk_cows_fluid_2_fat
Milk_and_Milk_Products.Milks_and_milk_drinks.Milk_fluid.Milk_fluid_cow_goat_buttermilk.Milk_cows_fluid_1_fat
Milk_and_Milk_Products.Milks_and_milk_drinks.Milk_fluid.Milk_fluid_cow_goat_buttermilk.Milk_cows_fluid_skim_or_nonfat_0_5_or_less_butterfat
Milk_and_Milk_Products.Milks_and_milk_drinks.Milk_fluid_imitation.Milk_soy.Milk_soy_ready_to_drink_not_babys
Milk_and_Milk_Products.Milks_and_milk_drinks.Milk_fluid_imitation.Milk_almond.Milk_almond_ready_to_drink
Vegetables.Other_vegetables.Other_vegetables_cooked.Other_vegetables_cooked.Peppers.Peppers_red_cooked_fat_not_added_in_cooking
Lvegetables.Other_vegetables.Other_vegetables_cooked.Other_vegetables_cooked.Peppers.Peppers_red_cooked_fat_added_in_cooking_W_VEGETABLE_OIL_NFS_INCLUDE_OIL_NFS_
Sugars_Sweets_and_Beverages.Sugars_and_sweets.Syrups_honey_molasses_sweet_toppings.Syrups_honey_molasses.Thin_syrups;Syrup_pancake_reduced_calorie
Sugars_Sweets_and_Beverages.Sugars_and_sweets.Syrups_honey_molasses_sweet_toppings.Syrups_honey_molasses.Honey;Honey